borough,serious_casualties,median_mins_to_trauma_centre,pct_over_15_min,pct_over_20_min,median_mins_to_ae
Havering,101,24.8,100.0,98.0,5.9
Enfield,183,24.7,100.0,97.3,6.2
Hillingdon,173,23.8,100.0,97.7,5.4
Hounslow,220,22.1,90.9,72.3,8.8
Bexley,110,22.0,100.0,81.8,11.0
Harrow,115,21.2,100.0,81.7,6.4
Bromley,151,21.0,82.8,60.9,7.3
Richmond upon Thames,103,20.4,97.1,51.5,10.2
Haringey,206,18.2,90.3,15.0,5.6
Barking and Dagenham,110,17.9,81.8,26.4,5.6
Barnet,230,17.7,75.2,23.5,7.8
Ealing,222,16.8,70.7,21.2,5.9
Kingston upon Thames,87,16.8,63.2,14.9,6.3
Redbridge,169,16.7,88.8,13.6,5.2
Waltham Forest,122,15.9,57.4,12.3,4.6
Greenwich,166,15.2,54.2,6.6,4.8
Brent,190,14.6,48.4,2.6,6.3
Croydon,264,14.1,33.3,5.7,4.9
Newham,211,12.4,25.6,0.0,5.7
Lewisham,181,12.4,24.3,0.0,4.4
Sutton,106,12.2,6.6,0.0,5.2
Islington,140,10.1,7.1,0.0,4.2
Hammersmith and Fulham,166,10.0,0.0,0.0,3.6
Camden,199,7.8,0.0,0.0,3.2
Hackney,208,7.8,0.0,0.0,4.2
Wandsworth,192,7.7,0.0,0.0,6.6
Kensington and Chelsea,175,6.7,0.0,0.0,4.6
Merton,121,6.3,0.0,0.0,5.4
Lambeth,259,6.2,0.0,0.0,5.6
Southwark,248,5.8,0.0,0.0,5.1
Westminster,451,5.6,0.0,0.0,3.5
City of London,95,4.2,0.0,0.0,3.7
Tower Hamlets,246,3.7,0.0,0.0,3.6
