name,lat,lon
The Royal London Hospital,51.518702,-0.060138
St Mary's Hospital,51.516971,-0.173545
King's College Hospital,51.468078,-0.09389
St George's Hospital,51.426682,-0.175694
A&E Department,51.52298,0.03436
North Middlesex University Hospital,51.612728,-0.073608
Barnet Hospital,51.650795,-0.214183
St. Helier Hospital,51.380289,-0.184082
Northwick Park Hospital,51.57514,-0.321558
Kingston Hospital,51.414962,-0.282508
Central Middlesex Hospital,51.531304,-0.267798
Croydon University Hospital,51.390089,-0.110303
Hillingdon Hospital,51.525423,-0.461498
Whipps Cross University Hospital,51.577539,0.002699
Homerton University Hospital,51.550834,-0.045496
Ealing Hospital,51.507898,-0.345158
Evelina London Children's Hospital,51.498293,-0.118476
Queens Hospital,51.568716,0.179362
Charing Cross Hospital,51.48692,-0.219622
Queen Elizabeth Hospital,51.477733,0.049801
Moorfields Eye Hospital (City Road campus),51.527266,-0.090221
University College Hospital,51.524886,-0.136483
University Hospital Lewisham,51.453934,-0.017411
Highgate Mental Health Centre,51.566674,-0.142531
Princess Royal University Hospital,51.366189,0.058753
Royal Free Hospital,51.552937,-0.165492
Chelsea and Westminster Hospital,51.484332,-0.181363
King George Hospital,51.580158,0.111231
