lsoa21cd,lsoa21nm,borough,observed,expected,ratio,p_excess,q_value,significant_fdr5
E01003729,Redbridge 032B,Redbridge,24,2.9,6.34,7.755878379869365e-06,0.038709588993928,True
E01001884,Hammersmith and Fulham 017E,Hammersmith and Fulham,18,2.2,5.87,2.418035301645833e-05,0.06034207095257176,False
E01034616,Hillingdon 030F,Hillingdon,17,2.6,4.99,0.00017367761737134663,0.18139659379646753,False
E01035718,Westminster 019G,Westminster,49,9.4,4.82,0.00018005337687809598,0.18139659379646753,False
E01001361,Ealing 023E,Ealing,45,8.6,4.79,0.00019707488667159505,0.18139659379646753,False
E01004706,Westminster 006B,Westminster,6,0.5,4.67,0.00021806843574009318,0.18139659379646753,False
E01002026,Haringey 016A,Haringey,23,4.1,4.73,0.0002804012293729508,0.19992607654291392,False
E01004760,Westminster 014E,Westminster,7,0.7,4.62,0.00033324177529177004,0.20234245690917346,False
E01003562,Newham 014A,Newham,18,3.1,4.65,0.0003648731941860471,0.20234245690917346,False
E01001261,Ealing 012C,Ealing,31,6.2,4.44,0.0004732711061417498,0.22410040451197338,False
E01033929,Brent 002F,Brent,13,2.1,4.54,0.0004939099277963749,0.22410040451197338,False
E01002826,Kensington and Chelsea 008C,Kensington and Chelsea,21,4.1,4.32,0.0007081921459949146,0.25916303931910595,False
E01034601,Hillingdon 015G,Hillingdon,13,2.2,4.35,0.0007582760979215214,0.25916303931910595,False
E01000113,Barking and Dagenham 002F,Barking and Dagenham,22,4.4,4.27,0.0007671676905043182,0.25916303931910595,False
E01002496,Hillingdon 033A,Hillingdon,19,3.7,4.29,0.0007788911219768762,0.25916303931910595,False
