outcome,model,subset,variable,label,group,coef,pct_change,pct_low,pct_high,p_value
All pedestrian casualties,A: activity only,All London,pop_density,Population density,activity,0.2953,34.3487,30.3031,38.5199,0.0
All pedestrian casualties,A: activity only,All London,station_per_km2,Rail/Tube stations per km²,activity,0.13,13.8824,11.2966,16.5283,0.0
All pedestrian casualties,A: activity only,All London,bus_stop_per_km2,Bus stops per km²,activity,0.3534,42.3943,37.7092,47.2388,0.0
All pedestrian casualties,A: activity only,All London,pub_bar_per_km2,Pubs and bars per km²,activity,0.2554,29.1005,25.7832,32.5054,0.0
All pedestrian casualties,B: activity + street + deprivation,All London,pop_density,Population density,activity,0.2439,27.6193,22.7288,32.7048,0.0
All pedestrian casualties,B: activity + street + deprivation,All London,station_per_km2,Rail/Tube stations per km²,activity,0.0964,10.123,7.8336,12.4611,0.0
All pedestrian casualties,B: activity + street + deprivation,All London,bus_stop_per_km2,Bus stops per km²,activity,0.2207,24.6914,20.6628,28.8544,0.0
All pedestrian casualties,B: activity + street + deprivation,All London,pub_bar_per_km2,Pubs and bars per km²,activity,0.1978,21.8767,18.6982,25.1403,0.0
All pedestrian casualties,B: activity + street + deprivation,All London,major_road_share,Share of roads that are major,street,0.096,10.0788,6.811,13.4465,0.0
All pedestrian casualties,B: activity + street + deprivation,All London,junction_density,Junctions per km²,street,-0.1363,-12.745,-16.0058,-9.3575,0.0
All pedestrian casualties,B: activity + street + deprivation,All London,crossing_per_km2,Crossings per km²,street,0.1788,19.578,14.7002,24.6631,0.0
All pedestrian casualties,B: activity + street + deprivation,All London,traffic_signals_per_km2,Traffic signals per km²,street,0.1926,21.2398,17.0198,25.6119,0.0
All pedestrian casualties,B: activity + street + deprivation,All London,school_per_km2,Schools per km²,street,0.029,2.9425,0.5299,5.4129,0.0165
All pedestrian casualties,B: activity + street + deprivation,All London,income_score,Income deprivation,deprivation,0.2027,22.4664,19.3177,25.6983,0.0
All pedestrian casualties,B: activity + street + deprivation,Inner London,pop_density,Population density,activity,0.204,22.6309,14.868,30.9185,0.0
All pedestrian casualties,B: activity + street + deprivation,Inner London,station_per_km2,Rail/Tube stations per km²,activity,0.0894,9.3472,6.5741,12.1925,0.0
All pedestrian casualties,B: activity + street + deprivation,Inner London,bus_stop_per_km2,Bus stops per km²,activity,0.1557,16.8443,10.9884,23.0091,0.0
All pedestrian casualties,B: activity + street + deprivation,Inner London,pub_bar_per_km2,Pubs and bars per km²,activity,0.1918,21.1423,16.6852,25.7696,0.0
All pedestrian casualties,B: activity + street + deprivation,Inner London,major_road_share,Share of roads that are major,street,0.147,15.8312,10.5479,21.367,0.0
All pedestrian casualties,B: activity + street + deprivation,Inner London,junction_density,Junctions per km²,street,-0.141,-13.1511,-18.2246,-7.7629,0.0
All pedestrian casualties,B: activity + street + deprivation,Inner London,crossing_per_km2,Crossings per km²,street,0.1053,11.1044,1.5652,21.5395,0.0215
All pedestrian casualties,B: activity + street + deprivation,Inner London,traffic_signals_per_km2,Traffic signals per km²,street,0.2355,26.5568,19.8369,33.6536,0.0
All pedestrian casualties,B: activity + street + deprivation,Inner London,school_per_km2,Schools per km²,street,0.0149,1.501,-1.9378,5.0602,0.3969
All pedestrian casualties,B: activity + street + deprivation,Inner London,income_score,Income deprivation,deprivation,0.1177,12.4903,7.685,17.51,0.0
All pedestrian casualties,B: activity + street + deprivation,Outer London,pop_density,Population density,activity,0.267,30.6051,24.4131,37.1053,0.0
All pedestrian casualties,B: activity + street + deprivation,Outer London,station_per_km2,Rail/Tube stations per km²,activity,0.1036,10.9204,7.2976,14.6654,0.0
All pedestrian casualties,B: activity + street + deprivation,Outer London,bus_stop_per_km2,Bus stops per km²,activity,0.2616,29.8984,24.6773,35.3382,0.0
All pedestrian casualties,B: activity + street + deprivation,Outer London,pub_bar_per_km2,Pubs and bars per km²,activity,0.2178,24.3368,19.6989,29.1544,0.0
All pedestrian casualties,B: activity + street + deprivation,Outer London,major_road_share,Share of roads that are major,street,0.0614,6.3377,2.3326,10.4996,0.0017
All pedestrian casualties,B: activity + street + deprivation,Outer London,junction_density,Junctions per km²,street,-0.1542,-14.2891,-18.3421,-10.035,0.0
All pedestrian casualties,B: activity + street + deprivation,Outer London,crossing_per_km2,Crossings per km²,street,0.2061,22.8909,17.3293,28.7161,0.0
All pedestrian casualties,B: activity + street + deprivation,Outer London,traffic_signals_per_km2,Traffic signals per km²,street,0.16,17.3568,12.1053,22.8543,0.0
All pedestrian casualties,B: activity + street + deprivation,Outer London,school_per_km2,Schools per km²,street,0.051,5.2331,1.8932,8.6825,0.0019
All pedestrian casualties,B: activity + street + deprivation,Outer London,income_score,Income deprivation,deprivation,0.2613,29.8625,25.5971,34.2728,0.0
Fatal + serious,A: activity only,All London,pop_density,Population density,activity,0.2162,24.1307,18.8981,29.5935,0.0
Fatal + serious,A: activity only,All London,station_per_km2,Rail/Tube stations per km²,activity,0.1135,12.0141,9.0065,15.1046,0.0
Fatal + serious,A: activity only,All London,bus_stop_per_km2,Bus stops per km²,activity,0.4258,53.0758,45.4123,61.1433,0.0
Fatal + serious,A: activity only,All London,pub_bar_per_km2,Pubs and bars per km²,activity,0.2887,33.4735,28.9473,38.1586,0.0
Fatal + serious,B: activity + street + deprivation,All London,pop_density,Population density,activity,0.1925,21.2307,14.9823,27.8186,0.0
Fatal + serious,B: activity + street + deprivation,All London,station_per_km2,Rail/Tube stations per km²,activity,0.0822,8.5647,5.7275,11.4782,0.0
Fatal + serious,B: activity + street + deprivation,All London,bus_stop_per_km2,Bus stops per km²,activity,0.2678,30.709,24.2414,37.5134,0.0
Fatal + serious,B: activity + street + deprivation,All London,pub_bar_per_km2,Pubs and bars per km²,activity,0.2108,23.4646,19.0532,28.0395,0.0
Fatal + serious,B: activity + street + deprivation,All London,major_road_share,Share of roads that are major,street,0.1006,10.5833,6.6383,14.6741,0.0
Fatal + serious,B: activity + street + deprivation,All London,junction_density,Junctions per km²,street,-0.1224,-11.5239,-16.1299,-6.665,0.0
Fatal + serious,B: activity + street + deprivation,All London,crossing_per_km2,Crossings per km²,street,0.1488,16.0457,8.9001,23.6602,0.0
Fatal + serious,B: activity + street + deprivation,All London,traffic_signals_per_km2,Traffic signals per km²,street,0.2396,27.0691,20.6447,33.8356,0.0
Fatal + serious,B: activity + street + deprivation,All London,school_per_km2,Schools per km²,street,0.0142,1.4324,-1.9064,4.8849,0.4049
Fatal + serious,B: activity + street + deprivation,All London,income_score,Income deprivation,deprivation,0.1444,15.5375,11.4363,19.7896,0.0
Fatal + serious,B: activity + street + deprivation,Inner London,pop_density,Population density,activity,0.1189,12.6223,3.3946,22.6735,0.0064
Fatal + serious,B: activity + street + deprivation,Inner London,station_per_km2,Rail/Tube stations per km²,activity,0.0935,9.8034,6.0174,13.7245,0.0
Fatal + serious,B: activity + street + deprivation,Inner London,bus_stop_per_km2,Bus stops per km²,activity,0.1646,17.8961,9.3554,27.1038,0.0
Fatal + serious,B: activity + street + deprivation,Inner London,pub_bar_per_km2,Pubs and bars per km²,activity,0.1926,21.2361,14.9493,27.8668,0.0
Fatal + serious,B: activity + street + deprivation,Inner London,major_road_share,Share of roads that are major,street,0.1362,14.5918,8.3481,21.1954,0.0
Fatal + serious,B: activity + street + deprivation,Inner London,junction_density,Junctions per km²,street,-0.0971,-9.2512,-16.5649,-1.2964,0.0236
Fatal + serious,B: activity + street + deprivation,Inner London,crossing_per_km2,Crossings per km²,street,0.0297,3.0154,-9.3244,17.0344,0.6481
Fatal + serious,B: activity + street + deprivation,Inner London,traffic_signals_per_km2,Traffic signals per km²,street,0.3423,40.8129,29.7099,52.8664,0.0
Fatal + serious,B: activity + street + deprivation,Inner London,school_per_km2,Schools per km²,street,0.0061,0.613,-4.0288,5.4794,0.7998
Fatal + serious,B: activity + street + deprivation,Inner London,income_score,Income deprivation,deprivation,0.1236,13.1545,6.3005,20.4505,0.0001
Fatal + serious,B: activity + street + deprivation,Outer London,pop_density,Population density,activity,0.2379,26.8539,18.3328,35.9885,0.0
Fatal + serious,B: activity + street + deprivation,Outer London,station_per_km2,Rail/Tube stations per km²,activity,0.064,6.6124,2.2436,11.1678,0.0027
Fatal + serious,B: activity + street + deprivation,Outer London,bus_stop_per_km2,Bus stops per km²,activity,0.3346,39.7314,30.4971,49.6192,0.0
Fatal + serious,B: activity + street + deprivation,Outer London,pub_bar_per_km2,Pubs and bars per km²,activity,0.2338,26.342,19.7726,33.2716,0.0
Fatal + serious,B: activity + street + deprivation,Outer London,major_road_share,Share of roads that are major,street,0.0838,8.7396,3.558,14.1804,0.0008
Fatal + serious,B: activity + street + deprivation,Outer London,junction_density,Junctions per km²,street,-0.165,-15.213,-20.7879,-9.2458,0.0
Fatal + serious,B: activity + street + deprivation,Outer London,crossing_per_km2,Crossings per km²,street,0.1843,20.2338,11.8208,29.2799,0.0
Fatal + serious,B: activity + street + deprivation,Outer London,traffic_signals_per_km2,Traffic signals per km²,street,0.1691,18.4295,10.7822,26.6046,0.0
Fatal + serious,B: activity + street + deprivation,Outer London,school_per_km2,Schools per km²,street,0.0234,2.3712,-2.3698,7.3423,0.3327
Fatal + serious,B: activity + street + deprivation,Outer London,income_score,Income deprivation,deprivation,0.1729,18.8699,13.7072,24.2671,0.0
